domain,submission_url,submission_type,registration_required,email_confirmation,approval_required,nofollow,ugc,sponsored,indexable,competitor_present,opportunity_score,notes
uneed.best,https://uneed.best/submit-a-tool,AUTO,sim (cria depois),sim,sim (fila gratuita),false (anuncia dofollow DR75),false,false,sim,false,88,"Melhor custo-beneficio verificado. Fila gratis ou paga para furar fila. Listar como AI tarot tool."
producthunt.com,https://www.producthunt.com/launch,AUTO,sim (conta pessoal),sim,sim (guidelines),true,false,false,sim,false,80,"100% gratis. Lancar 'AstroTarot — AI tarot readings'. Nofollow mas trafego e autoridade de marca altos."
curlie.org,https://curlie.org/docs/en/add.html,SEMI_AUTO,nao,nao,sim (editor humano lento),false,false,false,sim,false,78,"Sucessor do DMOZ. Categoria Society/Religion_and_Spirituality/Divination/Tarot. Dofollow. Submeter e esquecer (meses)."
lightworkerlifestyle.com,https://www.lightworkerlifestyle.com/spiritual-directory/,SEMI_AUTO,conta ou email rana@lightworkerlifestyle.com,nao,sim (curadoria pessoal),unknown,false,false,sim,false,75,"Diretorio espiritual 100% gratis com link clicavel. Alta relevancia tematica."
alternativeto.net,https://alternativeto.net/,AUTO,sim (+1 semana de espera conta nova),sim,sim (admin em dias),unknown,false,false,sim,false,72,"Listar como alternativa a Co-Star / Labyrinthos / apps de tarot. Gratis."
crunchbase.com,https://www.crunchbase.com/,AUTO,sim,sim,moderacao posterior,true,false,false,sim,false,70,"Perfil de empresa gratis. SaaS com Stripe se qualifica. Nofollow mas forte para branded search."
techtudo.com.br,pauta via assessoria/press (nao self-service),EDITORIAL,n/a,n/a,sim (redacao),unknown,false,false,sim,true,70,"MAIOR premio do nicho BR (Globo). Listas 'melhores sites de tarot' recorrentes com 9+ concorrentes. Pitch de imprensa."
inspirare.org.br,https://inspirare.org.br/ (contato / Join Us),EDITORIAL,nao (email),nao,sim,unknown,false,false,sim,true,66,"Blog pequeno com lista 'melhores sites de astrologia' (3 concorrentes). Receptivo a sugestao por email."
betalist.com,https://betalist.com/submit,PAID,sim,sim,sim (reembolso se recusado),false (301 dofollow),false,false,sim,false,65,"Pago. Backlink dofollow explicito. Exige produto recem-lancado com dominio proprio."
thetarotforum.com,https://www.thetarotforum.com/forums/,UGC,sim,sim,moderacao de forum,true (provavel),true,false,sim,false,65,"Maior forum ativo de tarot. Link Directory + secao business para assinantes (US$5-35/ano). Participar antes de promover."
webwiki.pt,https://www.webwiki.pt/ (adicionar/reivindicar site),SEMI_AUTO,sim,sim,revisao simples,true (ate reivindicar),true,false,sim,true,62,"otarot.net e joaobidu ja tem perfil. Verificar no navegador (bloqueia bots)."
pinkfireblog.com.br,https://pinkfireblog.com.br/contato/,PAID,nao,nao,sim,unknown,false,true (provavel),sim,true,60,"Lista de tarot online com 5 concorrentes. Aberto a midia paga — negociar inclusao."
theresanaiforthat.com,https://theresanaiforthat.com/get-featured/,PAID,sim,sim,sim (1-2 dias com reembolso),unknown,false,false,sim,false,60,"US$347. 9M visitas/mes. So com orcamento de marketing."
reclameaqui.com.br,https://www.reclameaqui.com.br/ (cadastro de empresa),SEMI_AUTO,sim,sim,sim,true,false,false,sim,true,58,"Perfil oficial gratis. Nofollow mas forte trust/brand em SERP BR. WeMystic e concorrentes presentes."
tarostarot.com,outreach: pitch para lista '11 Best Free Tarot Reading Sites',EDITORIAL,n/a,n/a,sim,false (linka evatarot dofollow),false,false,sim,false,58,"Blog que ja linka o irmao gringo do otarot.net. Pitch natural para incluir astrotarot.shop."
saashub.com,https://www.saashub.com/submit,AUTO,sim,sim,revisao simples,unknown,false,false,sim,false,55,"Historicamente gratis. 403 para bots — verificar manualmente no navegador."
fazier.com,https://fazier.com/,AUTO,sim (Google/email),sim,sim,unknown,false,false,sim,false,55,"Lancamento gratis + tiers pagos. Lancamentos diarios ativos."
listography.com,https://listography.com/,AUTO,sim,sim,nao,true (provavel),true,false,sim,true,55,"Lista 'esoterico mais usados' ja cita 5 concorrentes. Criar lista propria e facil; valor de link baixo."
feedspot.com,https://forums.feedspot.com/tarot_forums/,SEMI_AUTO,sim,sim,sim,unknown,false,false,sim,false,55,"Diretorio de blogs/foruns de tarot. Submeter o blog /guia do site."
jasminedirectory.com,https://www.jasminedirectory.com/,PAID,sim,sim,sim (editorial 1-2 dias uteis),false,false,false,sim,false,55,"Pago com revisao humana e reembolso se recusado. Dofollow editorial."
medium.com,https://medium.com/,AUTO,sim,sim,nao,true,true,false,sim,false,50,"Artigos contextuais em EN/PT com link. Nofollow mas indexavel e bom para conteudo satelite."
toolify.ai,https://www.toolify.ai/,AUTO,sim,sim,sim,unknown,false,false,sim,false,50,"Tier gratis por troca de badge/backlink. 403 para bots — verificar manualmente."
bodymindspiritdirectory.org,https://bodymindspiritdirectory.org/,SEMI_AUTO,sim,unknown,unknown,unknown,false,false,sim,false,50,"Alta relevancia. 403 para bots — verificar manualmente no navegador."
bestpsychicdirectory.com,https://bestpsychicdirectory.com/submit-listing,SEMI_AUTO,sim (aplicacao 2 etapas),condicional,sim (vetting rigoroso 3-5 meses),unknown,false,false,sim,false,48,"ALERTA: exige leitor humano real com foto nao-IA + link reciproco. So funciona se o dono se listar como leitor. Risco de recusa para produto IA."
exactseek.com,https://www.exactseek.com/add.html,AUTO,nao,sim (obrigatoria),automatica (se title+meta ok),unknown,false,false,sim,false,45,"Gratis. Inscreve na newsletter SiteProNews como condicao."
humanityhealing.net,https://directory.humanityhealing.net/how-to-create-a-listing/,SEMI_AUTO,sim,sim,sim,unknown,false,false,sim,false,45,"Gratis para praticantes. Site retornou erro 500 — instavel; confirmar antes."
futurepedia.io,https://www.futurepedia.io/submit-tool,PAID,sim,sim,sim,unknown,false,false,sim,false,45,"US$497 verified. So com orcamento."
aitools.fyi,https://tally.so/r/2EkV4g,AUTO,nao (form Tally),nao,sim,unknown,false,false,sim,false,45,"Form sem conta; condicoes de preco so aparecem ao preencher."
siteconfiavel.com.br,https://www.siteconfiavel.com.br/ (Verificar novo site),AUTO,nao,nao,nao,n/a (mencao sem link),false,false,sim,true,45,"Gera pagina /site/astrotarot-shop automaticamente ao consultar. Mencao de marca, sem hyperlink."
gravatar.com,https://gravatar.com/,AUTO,sim (so email),sim,nao,unknown,false,false,sim,false,42,"Perfil com links verificados. Rapido e gratis."
about.me,https://about.me/,AUTO,sim,sim,nao,true,false,false,sim,false,42,"Pagina de perfil gratis com link."
somuch.com,https://www.somuch.com/submit-links/,AUTO,nao (so email),sim (3 dias ou deleta),sim (semanas/meses gratis; US$8.95/ano 12h),unknown,false,false,sim,false,40,"Diretorio geral antigo mas mantido (valida links a cada 2 semanas)."
spiritualforums.com,https://www.spiritualforums.com/,UGC,sim,sim,moderacao,true (provavel),true,false,sim,false,40,"403 para bots — checar regras de assinatura/perfil manualmente."
pinterest.com,https://www.pinterest.com/business/,AUTO,sim,sim,nao,true,true,false,sim,false,40,"Business profile + pins das cartas. Nofollow; valor e trafego visual."
linktree.com,https://linktr.ee/,AUTO,sim,sim,nao,true,false,false,sim,false,35,"Hub de links para bio de redes sociais."
github.com,https://github.com/ (perfil de organizacao),AUTO,sim,sim,nao,true,false,false,sim,false,35,"Campo website no perfil da org."
botw.org,https://botw.org/,PAID,sim,sim,sim,false,false,false,sim,false,35,"~US$150+. 403 para bots — nao verificado; so considerar com orcamento."
behance.net,https://www.behance.net/,AUTO,sim,sim,nao,true,true,false,sim,false,30,"Portfolio com link; relevancia baixa para tarot."
reddit.com,https://www.reddit.com/r/tarot/,UGC,sim,sim,regras de sub proibem autopromocao,true,true,false,parcial,false,25,"Link no perfil permitido; posts promocionais proibidos no r/tarot. Valor SEO ~zero; so participacao genuina."
guiademidia.com.br,https://www.guiademidia.com.br/cadastro/sites.htm,CLOSED,n/a,n/a,n/a,unknown,false,false,sim,true,20,"Cadastro encerrado oficialmente. Tentativa por email com expectativa baixa."
sites-do-brasil.com,http://www.sites-do-brasil.com/,AUTO,nao,unknown,unknown,unknown,false,false,duvidoso,false,10,"DESCARTADO: HTTPS quebrado, sinais de abandono, vizinhanca ruim."
